Sequence,Class
atttacattaactcctttttttctccacgattggctcgtaccttgccgctacagtgaagcAagtcaagcctacaacgatac,sigma_54
gatctcctttgttctcaccggtatctacatctggcgggcgaacggcgaattcgaccgtctTaataatgaagtcctgcatga,sigma_54
tatttaacgttgaatgttactgttgtcgtcaagatggcataagacctgcatgaaagagccTgcaaacacacaacacaatac,sigma_54
aaaaagcagtatttcggcgagtagcgcagcttggtagcgcaactggtttgggaccagtggGtcggaggttcgaatcctctc,sigma_54
tagcctccgccgtttatgcacttttatcactggctggcacgaaccctgcaatctacatttAcagcgcaaacattacttatt,sigma_54
attagttaaataactaaatccaataatctcattctggcactccccttgctattgcctgacTgtacccacaacggtgtatgc,sigma_54
agttaaagctattcgtgcggtgttgccttgcaagtggtccgtggattgcatattgtcccgTtagtggtttcaaaatgagca,sigma_54
tgtgttaaaaatttgctaaattttgccaatttggtaaaacagttgcatcacaacaggagaTagcaatgacgttaccgagtg,sigma_54
acatcctatcacaggattgaaagtaggggaaaatggcagggttttctctttgtgcctcatCattaccataattaacggaat,sigma_54
ttaagccagcattctggcgcttatcccggcatggcatgagatctgcataagcggaaagcgCagcaatttttgtcttataca,sigma_54
aagtcgccgtctggtttatttatctcatcccggcgctggtggcatttgctctgccaccacGcgcaggggcgacagcgtctc,sigma_54
catattctgccgctaaacaattccccattcctggcgtatatctggctaacattcatcaatGtgatagattcctctcccgca,sigma_54
cccgtaatatcagggaatgaccccacataaaatgtggcataaaagatgcatactgtagtcGagagcgcgtatgcgtgattt,sigma_54
cgagtgaagtcgcattgcgcaagaaaccagcatctggcacgcgatgggttgcaattagccGgggcagcagtgataatgcgc,sigma_54
aacctgaatctgaggcagcacctggcacggctgggacggaagtcgctgtcgttctcaaaaTcggtggagctgcatgacaaa,sigma_54
ataatcagtacgttaccaaactattttctttattggcacagttactgcataatagtaaccAgtggctcattcaccgactta,sigma_54
gcatgataacgccttttaggggcaatttaaaagttggcacagatttcgctttatctttttTacggcgacacggccaaaata,sigma_54
gccgcatctcgaaaaatcaaggagttgcaaaactggcacgattttttcatatatgtgaatGtcacgcaggggatcgtcccg,sigma_54
ttaacttcctgctctctttctcgtttttcatttctggcacaccgcttgcaataccttcttCgtgtagcagaaccattaccg,sigma_54
gcggaaagtgtagagaaacgcgaaaaaatggcgctggcacgtaaacttaatgccttaaccAtgccgcacccggaccgacgc,sigma_54
tcggtccggatgatatcgggcttgatcgtctggaacagcgtctggcagaggaaaaaatcaCtgaagtgatcctcgccacca,sigma_54
atttagtgatgaggtcatgaaagtcaatggccttaatggcaaagcgaattctgcaaaagtGcatttttacgccattaatga,sigma_54
ttaaaaatctctttaataacaataaattaaaagttggcacaaaaaatgcttaaagctggcAtctctgttaaacgggtaacc,sigma_54
aattaatttccttaaataacagtaaattaaaaactggcatgatttgtgaatgtatcggcgCattaactgtcattgctggag,sigma_54
cataacttattgaatatattgagttaatcagaatggcatcctttatgcaatatgaaatgcAatgtttcatatcattttcaa,sigma_54
catcgacattattcaccgcagggataatcaacactggcacaattattgcttgtagctggcAatagttaatgggaggcgata,sigma_54
gcgaaaaaaccgcgccgtatcgaaatcaactaattccctaaggccgcctggcgcggcctgAcatctccatgctcgccgtca,sigma_54
agtgcattatccggataacaatattctcctatccaactttggcacatctattgctttgttAtacaaggcaaaccctgaaac,sigma_54
tcgagattgaacacgcctgtgaaaaatcctgtgcttgcaccacctgccactgcatcgttcGtgaaggttttgactcactgc,sigma_54
tgccattgctcataccgttgatcgcaacggcttatggcacgcgctgacgccgcaatttttCcctcgtgagctgttacatga,sigma_54
aagaaagtgttctgaatagagattcaatatttaagggcacggtttttgcaaccgtgttctTgtttggcctttccttatagc,sigma_54
gggcatagttacttctgctgtgggttggaagatggcacctctccggatacgcaatggcttAatgaaattgtgatgacggat,sigma_54
ttggttagcttgtacatcaacaccaaaataaaactggcaagcatcttgcaatctggttgtAagtaatggcggcacttgggc,sigma_54
agccatcgttaaacagcgtggcggcagcgcctggcaaatcgtcagcgtagacagcacctaTcactcctcgctgtcagtcag,sigma_54
ttatttatagagtaaaaacaatcagataaaaaactggcacgcaatctgcaattagcaagaCatctttttagaacacgctga,sigma_54
ggtttgcgtcagctcatttttatctggccttgtgcactggcaattattgctgcattgacgAtgggattcttttacacactc,sigma_54
aacctgcaaacattgttaactcctgctaaattgttggcgctaattatttcatgctacccgGcacatagccagtagagtcag,sigma_54
tcaaaacgcgccacgattcgctcgccggagtggttggcacgcagctcttctgccaccagcGcgattgcctggccgctgctc,sigma_54
aggaaatcgccccatggggttggcagtttggcttctgccacacgtttaagctgcatgaaaTtctccagataatgctggttc,sigma_54
aaaccaacgtttatgaaaatgaagaaataacaagcaaatggcatcattcctgcttttaccAgggggatttaacatgcttat,sigma_54
gttctcttttcttacaccgcgccgataaaaaatatgcacgtttattgcatatctttcagtGtgacaacttttgttcgtttg,sigma_54
tcgcaagctccagcagtttttttcccccttttctggcatagttggacatctgccaatattGctcgccataatatccaggca,sigma_54
tgaaattaaacatttaattttattaaggcaattgtggcacaccccttgctttgtctttatCaacgcaaataacaagttgat,sigma_54
aatcagatctttataaatcaaaaagataaaaaattggcacgcaaattgtattaacagttcAgcaggacaatcctgaacgca,sigma_54
gggcgttttgctgttaaatcaatagattatttttggcatgattcttgtaatgccagcaagAgatttcatatttgggagagc,sigma_54
gtaatccagacatttcccggatgtcgcgttatggagcgcgggcggcaacgggcttccgttAacgattaagactgtgacgag,sigma_54
catccggcagttgtacgcaggtgcctgatgcgacgctggcgcgtcttatcatgcctacgaGcccgcgaatatttgcgagcc,sigma_54
tggatatgttcccacacacgggacatctggaatcgatggtacttttctcgcgcgttaaatAgttgcgatttgccgatttcg,sigma_54
ccgcaccgctaagttcggcagatcgcgaaaaactggaacgcttttcgcattctgaaggccTggatctgtatctcgcccccg,sigma_54
ctggcgcaaaacgacattatggaagagcaggaagcgatggcgctgacccgtgcttacactAcgcttcgcgatgaacttcat,sigma_54
gattgccggatgcggcacaagtgccttatcaggcctacaggtcggcaatagttgtaggccTgataagacgcgacagcgtcg,sigma_54
aacagtgaatgataacctcgttgctcttaagctctggcacagttgttgctaccactgaagCgccagaagatatcgattgag,sigma_54
caccatcaccagacggacgtgtgccgggatcgcaatggcaatctccccctgcaacgcgccAgggcgacgcagcgaccactg,sigma_54
tcgccatttgcgactacactcctcgctgttgcttcatggcacagcgttaacgctatgtacAtagcagctaaaaaaatgatg,sigma_54
tgaattaaaaaattaagctgcttatttaattttctggcacgacggttgcaattatcaggaCagcaaacaacgaaaagagaa,sigma_54
aacagattaataacattaactttttaaaaactggcatccgctttgcaaacaagccaatacGcggctgaaaaggatatgcag,sigma_54
tcttctgctgaattaaaagaagaaatctactttgcctggcgtctgggcgtgcattgatccTgacttaatgccgcaagttcg,sigma_54
gtcaggggcgagtagtaccagacagtttcactcatggcacttctcagcaacgctacagctGgtttaaacgtggtttcgaca,sigma_54
aactgggtggtgcccgcttctcgtttagctggccgttatggcataacatcccgcaatttaCctctgcctgacactacgcgc,sigma_54
accatcgtgcaaaagggctgcaccacgatgtgaatgttgcaccaatatagtgcttcaatgGaaacattaagcaccatgttg,sigma_54
cctacctcccctaacgcttatcgtcgtttctggcgtaaatcttgcctgcttagactaaatCtttgccataagaaccaaatg,sigma_54
cacattgttgtgaaggccgatgctgataaacaggcgctggagctgctggtgaaagcgtgcCccgcaggtctgtacaagaag,sigma_54
cagaccaaccatgtaggctggacgccgctactggaagcgattgtgcttaatgatggtggtAttaaacagcaggcgattgtg,sigma_54
tttattttttatgtattcttttgtgctttcaagattatggcgtaagaaaattgcaatacgAttattgttgtatattcaaga,sigma_54
agaggtagaagaaaatagtttgtatcctcaatattggcaggttaattgctgtttccccgcAatttgcgctactgtagcgcg,sigma_54
atgcgctacgcttatcaggcctacaggatatctggcaacttattaaaattgcatgaacttGtaggacggataaggcgttca,sigma_54
tctaccatgctctctgtagatgccagcgcgagcgaatgaatggcattttcatgtattaaaCcctttggccgggacaagcaa,sigma_54
tcaaggccggtgacgttgtgttgacaggcacgcctgatggcgtcggcccgttgcaaagcgGtgatgagctgacagtcactt,sigma_54
ggcgaggttgtcgagcgaggcagcaccgcggatgtgctggcatcgccgctgcatgaactcAccaaacggctgattgccggt,sigma_54
atcaccgggcacgttgttctcatcgtcgataaaatggcatgagagttgctgtgttttagcAagagacgtcgttcagtttac,sigma_54
acgcctgacagcgcacaaaaaaagcgcactttttgactggcacattcggctgcctcaactAggctgaaaaatggtgcgatc,sigma_54
gtctcgatcgacgcggtgcattactgcgtgaaggcgcgtggcatccgcgatgcaaccagtGccacgacaacgacctctctt,sigma_54
ctaataacatccctcaagggaaaaagatccatggcatactattagcagaataatctacctAcgcgagaccatgatttttac,sigma_54
ctggtgaaagcatcattggatgaaaaatcggcaacaggctggccccctgtttgcttcgcgAtgcgaataaacttattattt,sigma_54
cctcacatttttttatatttcccgccaaacctggcaagagtggtgcgattgttgctctatCcccctaaaccaccggatttc,sigma_54
cgaagtggatgatgcgaaatacggcttcgtcgcctctggcacgctgaacccgcaaaaagcGcgcgttctgctgcaactggc,sigma_54
cagcttattgcgacgcgaaatcgtgcgcaaaagctggcactacttttgcttataagaggaTggccacagacaggtaaaaga,sigma_54
cagtgcgttagagctggggcgcaagacgctggtcacgcttggcatgcatccgcatcaggcAcagcgagcgcaactgcattt,sigma_54
agggttaacggtttaaacacccagcgttgccaggttggcccacgatacgatgcatccacaGatagccatgcggaaagacag,sigma_54
atttattgatctgaatccaaaagcaatgaccccggttgcatggtggatgctgcatgaagaAacagtatataaaggtggcga,sigma_54
aaaacaattttgaggatttccttatattggtggttagtacgcatgcaattaaaaatgaaaTtccgcgaccacaagccaaaa,sigma_54
ctcccttataagtctgtggttacgtcaatagagagctttgtcacaattatctgcaaagtcAtacgccgttaattgctttct,sigma_54
tgcaaagtcatacgccgttaattgctttcttttttggcgtaagcgtaagatgcttcatctGgtttaaaccaaaaggattaa,sigma_54
ttagaaaaaccccggtccataaggccggggttttttgcatatcaattatttgcatgatgaAgggaatctcatgtcagttct,sigma_54
ctaccggccatcgggtcagcgtggacagcgcgctggcgtgggtacaacgctgcatgaaagGctatcgtctgccggagccaa,sigma_54
tttcatgtaaaagaataaaatatctgtataaaatcatgccactggcaatctgcatcaactCtccgggtaaacagggttaag,sigma_54
cgctactgatgatatgcgtaatgccaagctctttggcacgggttgccacctgcatcgcctGttgctcacctttggcggtca,sigma_54
aaggaaatatgcctgagcagcagtcagagacataactggcacgtaaggtttgcaaccactAacccaccaatagaggggtag,sigma_54
aatgctggtggcacaggcggctcatgcctttcttctctggcacggtgttctgcctgacgtAgaaccagttataaagcaatt,sigma_54
tcaaagcgtaatgctgatggtttaggaatgctggtggcacaggcggctcatgcctttcttCtctggcacggtgttctgcct,sigma_54
aagccatctttttaatgttaataactagttaattaaagtggcatcctcccgcatcctctcTgataatgacgggatgccggg,sigma_54
tgtggattatgtcaccaggagaaggatgaaaagtgtggcaaaccgtaatctgcaaggcgtGccgctggacagcgatggcgc,sigma_54
gccagattacccgtcatatcagcgtttcatcgttggcacggaagatgcaatacccgaagtAagacaaccactggaggatta,sigma_54
tgtgttacagcgcagggtaagcgctgataaaagatggcatgatttctgctgtcagaaaggGatgagcaggcaaagaagaag,sigma_54
